{"cameraMode":{"drawMode":0,"name":"Shaded","section":"Shading Mode"},"sceneLighting":true,"audioPlay":false,"sceneViewState":{"m_AlwaysRefresh":false,"showFog":true,"showSkybox":true,"showFlares":true,"showImageEffects":true,"showParticleSystems":true,"showVisualEffectGraphs":true,"m_FxEnabled":true},"in2DMode":false,"pivot":{"x":-0.19441747665405274,"y":0.8771040439605713,"z":-0.23102760314941407},"rotation":{"x":-0.19383162260055543,"y":0.24060191214084626,"z":-0.04910072311758995,"w":-0.9498111009597778},"size":2.9660251140594484,"orthographic":false}